,numeros,aleatorios
0,0,0.7456484145159692
1,1,0.6010332917090782
2,2,0.03452666199914778
3,3,0.2865605647530479
4,4,0.2227316264618593
5,5,0.6329763771678453
6,6,0.7612617452002799
7,7,0.6824635217446342
8,8,0.04627028451496318
9,9,0.6470525835307606
10,10,
11,11,
12,12,
13,13,
14,14,
15,15,
16,16,
17,17,
18,18,
19,19,
